experiment,kind,setting,seed,epochs,final_closed_test_loss,final_open_test_loss,deployed_loss_gap,deployed_loss_gap_relative_to_closed,finite_final_losses,peak_open_test_loss,peak_closed_test_loss,trajectory_gain_distance,open_loop_test_loss_spike,closed_recovered,stage1_end,plateau_end,plateau_length,plateau_detected,plateau_exit_detected,plateau_exit_reason,stability_crossing,stability_to_plateau_gap,final_closed_coupled_radius,claim_C1_loss_divergence,claim_C1_gain_divergence,claim_C2_plateau_present,claim_C2_three_stage,claim_C3_stability_transition,claim_C4_proxy
generalization_gru,generalization,gru,0,1000,0.0676657165959022,1.348856529055629,1.2811908124597267,18.934120214982173,True,105942.66316554784,382.3383363127708,0.5662191747087953,True,True,71,700,629,True,False,fallback,,,,True,True,True,False,False,True
generalization_gru,generalization,gru,1,1000,0.0677635523473782,3.362325031752698,3.2945614794053197,48.6184883359762,True,24506.77702306509,1410.5962824583053,0.7619753242093991,True,True,74,700,626,True,False,fallback,,,,True,True,True,False,False,True
generalization_gru,generalization,gru,2,1000,0.0674377535918029,2.6956442626891657,2.628206509097363,38.972331804018204,True,35351.93321065664,2932.897398147583,0.7068208796702556,True,True,70,700,630,True,False,fallback,,,,True,True,True,False,False,True
generalization_gru,generalization,gru,3,1000,0.0677720533678075,2.7133612580876796,2.645589204719872,39.036580319647754,True,271789.4127826977,265298.07836072444,0.6990730686989486,False,True,74,700,626,True,False,fallback,,,,True,True,True,False,False,False
generalization_gru,generalization,gru,4,1000,0.0672458931605797,3.488201401932165,3.4209555087715855,50.87233358032023,True,10474.894272618294,1035.6259089016914,0.7371344744472087,True,True,70,700,630,True,False,fallback,,,,True,True,True,False,False,True
generalization_gru,generalization,gru,5,1000,0.0675765229175158,537.6058308267011,537.5382543037836,7954.511879220319,True,56418.3742183876,661.8265096521377,1.3702290985773775,True,True,74,700,626,True,False,fallback,,,,True,True,True,False,False,True
generalization_gru,generalization,gru,6,1000,0.0676503263445192,3.0680090911174194,3.0003587647729,44.35098730334475,True,90405.49874864578,7653.45774661541,0.8423844542220139,True,True,84,700,616,True,False,fallback,,,,True,True,True,False,False,True
generalization_gru,generalization,gru,7,1000,0.0673482334881441,2.9117200939892793,2.8443718605011354,42.233800549525256,True,137068.11569118977,9419.924630453586,0.8010582832240846,True,True,75,700,625,True,False,fallback,,,,True,True,True,False,False,True
generalization_gru,generalization,gru,8,1000,0.067892433286911,0.1021570139098912,0.0342645806229802,0.5046892409670943,True,146326.01722025394,324.67585797309874,0.2379795276239856,True,True,67,700,633,True,False,fallback,,,,True,True,True,False,False,True
generalization_gru,generalization,gru,9,1000,0.0675142628460889,2.3842470630910246,2.3167328002449357,34.31471666255694,True,112355.84512793065,14822.804003956318,0.6813522980569074,True,True,78,700,622,True,False,fallback,,,,True,True,True,False,False,True
generalization_low_rank,generalization,low_rank,0,1000,0.0903307998872257,59.821531093120576,59.73120029323335,661.2495446492813,True,129.9540616369247,21.419513001441956,0.7096655377479085,True,True,96,700,604,True,False,fallback,96.0,604.0,0.6298384566105402,True,True,True,False,True,True
generalization_low_rank,generalization,low_rank,1,1000,0.0918794421604185,3.5324828851222994,3.440603442961881,37.44693439643114,True,946993834215601.2,946993834215601.2,0.622770219105618,False,True,75,700,625,True,False,fallback,75.0,625.0,0.6586884234161602,True,True,True,False,True,False
generalization_low_rank,generalization,low_rank,2,1000,0.0895389275263225,11.681174185276031,11.59163525774971,129.45917019546633,True,1034369275851.678,1034369275851.678,0.676269641457381,False,True,86,700,614,True,False,fallback,86.0,614.0,0.684823833548506,True,True,True,False,True,False
generalization_low_rank,generalization,low_rank,3,1000,0.0920697709651813,440.3985628080368,440.3064930370716,4782.313330654266,True,440.5801221323013,51.692529106140135,0.7123989028567217,False,True,11,100,89,True,True,slope,107.0,-7.0,0.6799694347180029,True,True,True,True,True,False
generalization_low_rank,generalization,low_rank,4,1000,0.0913164168927364,411.7404221749306,411.6491057580379,4507.941942592601,True,3627.6993719792367,3627.6993719792367,0.7248386454070738,False,True,18,59,41,True,True,slope,79.0,-20.0,0.6203756503358647,True,True,True,True,True,False
generalization_low_rank,generalization,low_rank,5,1000,0.0913715436737744,225.07197976350784,224.98060821983407,2462.2612158451293,True,432841.0067846823,432841.0067846823,0.7223818340864006,False,True,119,700,581,True,False,fallback,119.0,581.0,0.6424871204656978,True,True,True,False,True,False
generalization_low_rank,generalization,low_rank,6,1000,0.0916089860197432,366.0344457864761,365.94283680045635,3994.6172608175125,True,651.1792974948883,157.81876562356948,0.72172362282976,False,True,71,700,629,True,False,fallback,71.0,629.0,0.6618917124828716,True,True,True,False,True,False
generalization_low_rank,generalization,low_rank,7,1000,0.0924334017333445,335.48527633428574,335.3928429325524,3628.4810105778306,True,1620317.861975131,1620317.861975131,0.7178363784643813,False,True,102,700,598,True,False,fallback,102.0,598.0,0.6474399145734538,True,True,True,False,True,False
generalization_low_rank,generalization,low_rank,8,1000,0.0938681060786402,385.18093116045,385.08706305437136,4102.427109073189,True,396.8041326737404,48.90025742053986,0.6977300011761475,False,True,15,46,31,True,True,slope,74.0,-28.0,0.7064860137887476,True,True,True,True,True,False
generalization_low_rank,generalization,low_rank,9,1000,0.0912615501296766,44.44144240140915,44.35018085127947,485.96786695230145,True,107.95361303091047,13.735856449604034,0.6889817575819709,True,True,86,700,614,True,False,fallback,86.0,614.0,0.6344866362502187,True,True,True,False,True,True
generalization_ring_path_integration,generalization,ring_path_integration,0,1000,0.4464744897582761,0.445825971816447,-0.0006485179418290743,-0.0014525307866529748,True,5.481719735264778,8.282588672637939,0.02753052163117521,False,True,42,53,11,True,True,slope,,,,False,False,True,True,False,False
generalization_ring_path_integration,generalization,ring_path_integration,1,1000,0.2142817451157206,0.2144859253086679,0.00020418019294729528,0.0009528585500226813,True,6.090085670351982,3.152155616879463,0.014211735256177046,False,True,21,98,77,True,True,slope,,,,False,False,True,True,False,False
generalization_ring_path_integration,generalization,ring_path_integration,2,1000,0.2927624896561383,0.2939994650957487,0.0012369754396103771,0.004225184179377816,True,4.069246590137482,2.7476148322224616,0.027777787876766633,False,True,44,700,656,True,False,fallback,,,,False,False,True,False,False,False
generalization_ring_path_integration,generalization,ring_path_integration,3,1000,0.2744353264112703,0.2748883924652773,0.00045306605400702304,0.001650902819005363,True,3.106985327601433,2.321914704144001,0.03427989925165665,False,True,29,700,671,True,False,fallback,,,,False,False,True,False,False,False
generalization_ring_path_integration,generalization,ring_path_integration,4,1000,0.4213069095339961,0.4206996432491529,-0.0006072662848431998,-0.0014413869582981483,True,4.184972706437111,2.366567295789719,0.06466428856203588,False,True,38,700,662,True,False,fallback,,,,False,True,True,False,False,False
generalization_ring_path_integration,generalization,ring_path_integration,5,1000,0.4166102196501325,0.4175148061888293,0.0009045865386967944,0.002171301845299096,True,3.902038812637329,2.616573204100132,0.007064186056169968,False,True,32,388,356,True,True,slope,,,,False,False,True,True,False,False
generalization_ring_path_integration,generalization,ring_path_integration,6,1000,0.19057985719447,0.1907947873951343,0.00021493020066432056,0.0011277697644877715,True,5.668067249655723,3.771179473400116,0.09193237841256814,False,True,39,60,21,True,True,slope,,,,False,True,True,True,False,False
generalization_ring_path_integration,generalization,ring_path_integration,7,1000,0.2066364790704163,0.2081715906845815,0.0015351116141651966,0.007429044576597101,True,2.4186986461281776,2.191291056573391,0.2399948015232901,False,True,47,700,653,True,False,fallback,,,,False,True,True,False,False,False
generalization_ring_path_integration,generalization,ring_path_integration,8,1000,0.1966986620029548,0.1971644472650503,0.0004657852620955083,0.0023680143898920434,True,6.054649749398232,3.4541194319725035,0.007044929238760372,False,True,42,882,840,True,True,slope,,,,False,False,True,True,False,False
generalization_ring_path_integration,generalization,ring_path_integration,9,1000,0.242226158346773,0.2438847045139482,0.001658546167175201,0.006847097681336351,True,5.616579321026802,4.352945560216904,0.019546132930161983,False,True,29,54,25,True,True,slope,,,,False,False,True,True,False,False
generalization_tanh_rnn,generalization,tanh_rnn,0,1000,0.0936760922797711,0.3083519608905681,0.21467586861079702,2.291682577552984,True,141.9070227098465,141.9070227098465,0.5066639317967822,False,True,56,700,644,True,False,fallback,56.0,644.0,0.717580328934625,True,True,True,False,True,False
generalization_tanh_rnn,generalization,tanh_rnn,1,1000,0.0938450206335405,0.3589410414566323,0.2650960208230918,2.8248277749149504,True,476814.58604296687,476814.58604296687,0.5398049084242095,False,True,82,700,618,True,False,fallback,82.0,618.0,0.7070100554464966,True,True,True,False,True,False
generalization_tanh_rnn,generalization,tanh_rnn,2,1000,0.0933260272736206,0.322125861103272,0.2287998338296514,2.4516187018101396,True,171145.6100800228,171145.6100800228,0.5230120701829541,False,True,74,700,626,True,False,fallback,74.0,626.0,0.705029588573927,True,True,True,False,True,False
generalization_tanh_rnn,generalization,tanh_rnn,3,1000,0.0935036225373508,0.273738805925548,0.18023518338819722,1.9275743388038338,True,41.16185930013657,41.16185930013657,0.4938747264907972,False,True,49,700,651,True,False,fallback,49.0,651.0,0.7098881603287353,True,True,True,False,True,False
generalization_tanh_rnn,generalization,tanh_rnn,4,1000,0.0929255240184855,0.3142171082366258,0.2212915842181403,2.381386454964937,True,126.08653475046158,126.08653475046158,0.4724194237041437,False,True,47,700,653,True,False,fallback,47.0,653.0,0.7071134444342569,True,True,True,False,True,False
generalization_tanh_rnn,generalization,tanh_rnn,5,1000,0.0925320469124665,0.3209859567880631,0.22845390987559658,2.4689166348142013,True,165.89774455308915,165.89774455308915,0.5044755393840036,False,True,53,700,647,True,False,fallback,53.0,647.0,0.7030202502004351,True,True,True,False,True,False
generalization_tanh_rnn,generalization,tanh_rnn,6,1000,0.0932437489308337,0.2828776005358696,0.18963385160503587,2.033743320913688,True,33.592188193798066,33.592188193798066,0.49855178442087295,False,True,51,700,649,True,False,fallback,51.0,649.0,0.7074924938498134,True,True,True,False,True,False
generalization_tanh_rnn,generalization,tanh_rnn,7,1000,0.0937478082845769,0.3220288787280921,0.2282810704435152,2.4350550121721755,True,434.1945568847656,434.1945568847656,0.5248405908882492,False,True,58,700,642,True,False,fallback,58.0,642.0,0.709914879324481,True,True,True,False,True,False
generalization_tanh_rnn,generalization,tanh_rnn,8,1000,0.0932192962571735,0.3044648277468513,0.21124553148967778,2.2661137765607386,True,26.457200717926025,26.457200717926025,0.48470404970136965,False,True,47,700,653,True,False,fallback,47.0,653.0,0.7135583890373524,True,True,True,False,True,False
generalization_tanh_rnn,generalization,tanh_rnn,9,1000,0.0928754487400605,0.3071447572251782,0.21426930848511772,2.3070608152302334,True,12.149343402385712,12.149343402385712,0.4899545877158827,False,True,47,700,653,True,False,fallback,47.0,653.0,0.7064771850154367,True,True,True,False,True,False
generalization_tracking_task,generalization,tracking_task,0,1000,0.2358444330072961,0.2620429608353879,0.026198527828091817,0.11108393568603478,True,107.45496778897942,2.9579804937541483,0.14537319063021253,True,True,28,309,281,True,True,slope,692.0,-383.0,1.0060534896642217,True,True,True,True,True,True
generalization_tracking_task,generalization,tracking_task,1,1000,0.3421319829653657,0.4229093350342009,0.08077735206883524,0.23609997337493116,True,122.02540144219996,2.2038574081286786,0.40786882953864295,True,True,9,326,317,True,True,slope,782.0,-456.0,1.020191709939508,True,True,True,True,True,True
generalization_tracking_task,generalization,tracking_task,2,1000,0.3436483241920359,0.4324824784789234,0.08883415428688751,0.25850309177485076,True,121.55221043981612,2.6991217125952245,0.4593132717995976,True,True,27,176,149,True,True,slope,,,1.012047036098406,True,True,True,True,False,True
generalization_tracking_task,generalization,tracking_task,3,1000,0.2147692758354969,0.4622379878209904,0.2474687119854935,1.152253789667023,True,115.78441481225192,9.962557847797871,0.5551369161718008,True,True,24,108,84,True,True,slope,,,1.004342882202378,True,True,True,True,False,True
generalization_tracking_task,generalization,tracking_task,4,1000,0.2425601527418621,0.2338240602195583,-0.008736092522303812,-0.03601618989579445,True,55.95209641771566,3.6784337414056063,0.3648821112850057,True,True,28,415,387,True,True,slope,639.0,-224.0,1.014941697530738,False,True,True,True,True,True
generalization_tracking_task,generalization,tracking_task,5,1000,0.3165577442438371,0.3039753171501798,-0.012582427093657311,-0.039747652118614286,True,107.17428136192262,3.8035121087729937,0.16397922722678532,True,True,10,249,239,True,True,slope,,,1.0099287819638632,False,True,True,True,False,True
generalization_tracking_task,generalization,tracking_task,6,1000,0.2607848931127228,0.4712349860753602,0.2104500929626374,0.806987285385705,True,119.81424614019691,4.3497372625023125,0.705422382524192,True,True,12,584,572,True,True,slope,873.0,-289.0,1.0017330749692974,True,True,True,True,True,True
generalization_tracking_task,generalization,tracking_task,7,1000,0.3245483355462784,0.8635169830036467,0.5389686474573683,1.660672967403079,True,120.85042957924308,3.41212479300797,0.7161358845017473,True,True,14,180,166,True,True,slope,,,1.0075378120684038,True,True,True,True,False,True
generalization_tracking_task,generalization,tracking_task,8,1000,0.241381164919585,0.5845688759512268,0.34318771103164175,1.4217667362156161,True,118.92080278351904,2.5511007726937533,0.7645480086108463,True,True,21,134,113,True,True,slope,,,1.003463176827748,True,True,True,True,False,True
generalization_tracking_task,generalization,tracking_task,9,1000,0.2465963997482322,1.1415453541651368,0.8949489544169046,3.629205273599378,True,118.41631336651744,4.378803121522069,1.3663659449807242,True,True,68,228,160,True,True,slope,,,1.0041907534983978,True,True,True,True,False,True
original_double_integrator_full,original,original,0,1000,0.0936760922797711,0.3083519608905681,0.21467586861079702,2.291682577552984,True,141.9070227098465,141.9070227098465,0.5066639317967822,False,True,56,700,644,True,False,fallback,56.0,644.0,0.717580328934625,True,True,True,False,True,False
original_double_integrator_full,original,original,1,1000,0.0938450206335405,0.3589410414566323,0.2650960208230918,2.8248277749149504,True,476814.58604296687,476814.58604296687,0.5398049084242095,False,True,82,700,618,True,False,fallback,82.0,618.0,0.7070100554464966,True,True,True,False,True,False
original_double_integrator_full,original,original,2,1000,0.0933260272736206,0.322125861103272,0.2287998338296514,2.4516187018101396,True,171145.6100800228,171145.6100800228,0.5230120701829541,False,True,74,700,626,True,False,fallback,74.0,626.0,0.705029588573927,True,True,True,False,True,False
original_double_integrator_full,original,original,3,1000,0.0935036225373508,0.273738805925548,0.18023518338819722,1.9275743388038338,True,41.16185930013657,41.16185930013657,0.4938747264907972,False,True,49,700,651,True,False,fallback,49.0,651.0,0.7098881603287353,True,True,True,False,True,False
original_double_integrator_full,original,original,4,1000,0.0929255240184855,0.3142171082366258,0.2212915842181403,2.381386454964937,True,126.08653475046158,126.08653475046158,0.4724194237041437,False,True,47,700,653,True,False,fallback,47.0,653.0,0.7071134444342569,True,True,True,False,True,False
original_double_integrator_full,original,original,5,1000,0.0925320469124665,0.3209859567880631,0.22845390987559658,2.4689166348142013,True,165.89774455308915,165.89774455308915,0.5044755393840036,False,True,53,700,647,True,False,fallback,53.0,647.0,0.7030202502004351,True,True,True,False,True,False
original_double_integrator_full,original,original,6,1000,0.0932437489308337,0.2828776005358696,0.18963385160503587,2.033743320913688,True,33.592188193798066,33.592188193798066,0.49855178442087295,False,True,51,700,649,True,False,fallback,51.0,649.0,0.7074924938498134,True,True,True,False,True,False
original_double_integrator_full,original,original,7,1000,0.0937478082845769,0.3220288787280921,0.2282810704435152,2.4350550121721755,True,434.1945568847656,434.1945568847656,0.5248405908882492,False,True,58,700,642,True,False,fallback,58.0,642.0,0.709914879324481,True,True,True,False,True,False
original_double_integrator_full,original,original,8,1000,0.0932192962571735,0.3044648277468513,0.21124553148967778,2.2661137765607386,True,26.457200717926025,26.457200717926025,0.48470404970136965,False,True,47,700,653,True,False,fallback,47.0,653.0,0.7135583890373524,True,True,True,False,True,False
original_double_integrator_full,original,original,9,1000,0.0928754487400605,0.3071447572251782,0.21426930848511772,2.3070608152302334,True,12.149343402385712,12.149343402385712,0.4899545877158827,False,True,47,700,653,True,False,fallback,47.0,653.0,0.7064771850154367,True,True,True,False,True,False
original_double_integrator_full,original,original,10,1000,0.0929154927913898,0.3043659356498392,0.2114504428584494,2.2757285841790624,True,357.2121771097183,357.2121771097183,0.4935928395470267,False,True,54,700,646,True,False,fallback,54.0,646.0,0.7052314676932339,True,True,True,False,True,False
original_double_integrator_full,original,original,11,1000,0.0930878477427343,0.3091946052199637,0.2161067574772294,2.321535653874831,True,19.777274849414827,26.717946836948396,0.5046646331677329,False,True,58,700,642,True,False,fallback,58.0,642.0,0.7061386624222196,True,True,True,False,True,False
original_double_integrator_full,original,original,12,1000,0.0937630581412216,0.3330382737934997,0.2392752156522781,2.551913518988393,True,177022.9209902668,177022.9209902668,0.5073469863435709,False,True,59,700,641,True,False,fallback,59.0,641.0,0.7100797057703827,True,True,True,False,True,False
original_double_integrator_full,original,original,13,1000,0.093166170986571,0.3263582716789097,0.2331921006923387,2.5029696747540595,True,9545.464770712852,9545.464770712852,0.5002537319265628,False,True,59,700,641,True,False,fallback,59.0,641.0,0.7060294920161335,True,True,True,False,True,False
original_double_integrator_full,original,original,14,1000,0.0935021460927096,0.283556621878717,0.1900544757860074,2.0326215357406223,True,25.892375702857972,25.892375702857972,0.5033318332625454,False,True,49,700,651,True,False,fallback,49.0,651.0,0.7119880405402508,True,True,True,False,True,False
original_double_integrator_full,original,original,15,1000,0.09366539905459,0.2924799558868966,0.19881455683230664,2.122604065525133,True,12.40778175354004,12.708986685276033,0.5098462434154813,False,True,53,700,647,True,False,fallback,53.0,647.0,0.7126075034270419,True,True,True,False,True,False
original_double_integrator_full,original,original,16,1000,0.0925823022596621,0.3408483098726719,0.2482660076130098,2.6815709001997754,True,1031.6051306724548,1031.6051306724548,0.4887696905848564,False,True,54,700,646,True,False,fallback,54.0,646.0,0.7079892664971232,True,True,True,False,True,False
original_double_integrator_full,original,original,17,1000,0.0932528150550899,0.2808362948204649,0.187583479765375,2.0115583605123177,True,34.02452508211136,34.02452508211136,0.4921290078708237,False,True,49,700,651,True,False,fallback,49.0,651.0,0.7041767780702681,True,True,True,False,True,False
original_double_integrator_full,original,original,18,1000,0.0934607647591434,0.2916957614483408,0.19823499668919742,2.121050445072501,True,26.270612905025484,26.270612905025484,0.4970278733098532,False,True,50,700,650,True,False,fallback,50.0,650.0,0.7093951278726728,True,True,True,False,True,False
original_double_integrator_full,original,original,19,1000,0.0926966063385711,0.301421435973607,0.20872482963503589,2.2516987177791146,True,24.313441376686097,24.313441376686097,0.4953184701322021,False,True,51,700,649,True,False,fallback,51.0,649.0,0.7014438603806336,True,True,True,False,True,False
original_double_integrator_full,original,original,20,1000,0.0929871519430404,0.2727814568354006,0.1797943048923602,1.9335392162832756,True,34.52566453695297,34.52566453695297,0.4850434463630553,False,True,48,700,652,True,False,fallback,48.0,652.0,0.7022088477665013,True,True,True,False,True,False
original_double_integrator_full,original,original,21,1000,0.0924572510740841,0.3135301843332126,0.22107293325912852,2.391082697040033,True,47442.62445147991,47442.62445147991,0.49773150534051813,False,True,62,700,638,True,False,fallback,62.0,638.0,0.701093843386635,True,True,True,False,True,False
original_double_integrator_full,original,original,22,1000,0.0931638108354106,0.2829643054361213,0.1898004946007107,2.0372770596087455,True,10.042000193595886,10.042000193595886,0.5017177423626745,False,True,49,700,651,True,False,fallback,49.0,651.0,0.7046673875958815,True,True,True,False,True,False
original_double_integrator_full,original,original,23,1000,0.0936624056006647,0.3105201545296808,0.2168577489290161,2.315312611696118,True,26591.369038572313,26591.369038572313,0.5119281074199135,False,True,58,700,642,True,False,fallback,58.0,642.0,0.7101296193059352,True,True,True,False,True,False
original_double_integrator_full,original,original,24,1000,0.0925662103800494,0.3490673029236495,0.2565010925436001,2.771001335049611,True,12.795299372673036,12.795299372673036,0.492092091948779,False,True,51,700,649,True,False,fallback,51.0,649.0,0.7084347932492521,True,True,True,False,True,False
original_double_integrator_full,original,original,25,1000,0.0933436939199108,0.2890858748629565,0.19574218094304568,2.0970048722412153,True,16.84220885038376,18.71407422542572,0.5118805610958922,False,True,56,700,644,True,False,fallback,56.0,644.0,0.7109772078828863,True,True,True,False,True,False
original_double_integrator_full,original,original,26,1000,0.0933491700091464,0.3221424523126006,0.2287932823034542,2.450940723747591,True,86349.14801049948,86349.14801049948,0.5089148540089921,False,True,61,700,639,True,False,fallback,61.0,639.0,0.7027797197806789,True,True,True,False,True,False
original_double_integrator_full,original,original,27,1000,0.0937042837001427,0.2853064209948872,0.19160213729474448,2.04475323569922,True,44.8152377653122,44.8152377653122,0.506568424449263,False,True,54,700,646,True,False,fallback,54.0,646.0,0.7037577442344897,True,True,True,False,True,False
original_double_integrator_full,original,original,28,1000,0.0928820251451242,0.3156766198007972,0.222794594655673,2.3986836452754554,True,32.88915580272675,32.88915580272675,0.4993229083065259,False,True,56,700,644,True,False,fallback,56.0,644.0,0.7066918929281432,True,True,True,False,True,False
original_double_integrator_full,original,original,29,1000,0.0932163950163862,0.2694932329593211,0.1762768379429349,1.8910497226582057,True,303.59836642026903,303.59836642026903,0.48202030865974127,False,True,50,700,650,True,False,fallback,50.0,650.0,0.7043172736175631,True,True,True,False,True,False
original_double_integrator_full,original,original,30,1000,0.0930047454198328,0.3392223801865475,0.2462176347667147,2.6473663645361696,True,145410.69121056795,145410.69121056795,0.5127907684101691,False,True,64,700,636,True,False,fallback,64.0,636.0,0.7021126236831818,True,True,True,False,True,False
original_double_integrator_full,original,original,31,1000,0.0931314460651074,0.2788118646866542,0.1856804186215468,1.9937456838342142,True,32.35511382818222,32.35511382818222,0.4972449040767471,False,True,51,700,649,True,False,fallback,51.0,649.0,0.7062574663298825,True,True,True,False,True,False
original_double_integrator_full,original,original,32,1000,0.0927301808376666,0.3174870817225019,0.2247569008848353,2.4237729168057442,True,182420.71380911823,182420.71380911823,0.5089015456524841,False,True,62,700,638,True,False,fallback,62.0,638.0,0.6979919109389503,True,True,True,False,True,False
original_double_integrator_full,original,original,33,1000,0.0944591893928856,0.3311909913923548,0.2367318019994692,2.506180748755178,True,76125.62951905966,76125.62951905966,0.5286332135273227,False,True,62,700,638,True,False,fallback,62.0,638.0,0.7192530531683895,True,True,True,False,True,False
original_double_integrator_full,original,original,34,1000,0.093846232070619,0.2866747641019595,0.19282853203134054,2.0547285466531853,True,9.437834405899048,12.284942848682403,0.5062068119865274,False,True,51,700,649,True,False,fallback,51.0,649.0,0.7152285422343718,True,True,True,False,True,False
original_double_integrator_full,original,original,35,1000,0.0925011672552081,0.3372424972988665,0.24474133004365842,2.64581882916595,True,690.1248028421402,690.1248028421402,0.49867897830946056,False,True,59,700,641,True,False,fallback,59.0,641.0,0.7002341860994056,True,True,True,False,True,False
original_double_integrator_full,original,original,36,1000,0.0940913026254873,0.3688064146016689,0.2747151119761816,2.9196653071074308,True,607877.4748668552,607877.4748668552,0.545019512337674,False,True,83,700,617,True,False,fallback,83.0,617.0,0.7136648422058108,True,True,True,False,True,False
original_double_integrator_full,original,original,37,1000,0.0933637209116959,0.3154694198231573,0.2221056989114614,2.3789293822332835,True,159847.97029194116,159847.97029194116,0.5074823764902208,False,True,67,700,633,True,False,fallback,67.0,633.0,0.7087997353844442,True,True,True,False,True,False
original_double_integrator_full,original,original,38,1000,0.0944372391223456,0.3466352470290417,0.2521980079066961,2.670535587978889,True,109.84619031429293,109.84619031429293,0.5359353267444438,False,True,62,700,638,True,False,fallback,62.0,638.0,0.716965252594322,True,True,True,False,True,False
original_double_integrator_full,original,original,39,1000,0.0923356497605216,0.3321957377251238,0.23986008796460218,2.5976975153875523,True,15.608240003585816,15.608240003585816,0.48642074561488,False,True,45,700,655,True,False,fallback,45.0,655.0,0.7037254621017331,True,True,True,False,True,False
original_double_integrator_full,original,original,40,1000,0.0941740821595788,0.3077231356840849,0.2135490535245061,2.2675989893126367,True,32.43906024932861,32.43906024932861,0.515713351824136,False,True,52,700,648,True,False,fallback,52.0,648.0,0.7114033286211559,True,True,True,False,True,False
original_double_integrator_full,original,original,41,1000,0.0926047977358816,0.3462012024223804,0.2535964046864988,2.7384801963477297,True,14.62883603811264,14.62883603811264,0.48321452869049003,False,True,46,700,654,True,False,fallback,46.0,654.0,0.7007474818173139,True,True,True,False,True,False
original_double_integrator_full,original,original,42,1000,0.0937461152392456,0.3103502437237193,0.2166041284844737,2.3105397800398153,True,27.870718717575073,27.870718717575073,0.5091799593365537,False,True,55,700,645,True,False,fallback,55.0,645.0,0.7121536142046639,True,True,True,False,True,False
original_double_integrator_full,original,original,43,1000,0.0930446544131802,0.3093530995101901,0.21630844509700986,2.3247810039301813,True,28.42103472709656,28.42103472709656,0.49601227716245816,False,True,49,700,651,True,False,fallback,49.0,651.0,0.7079227739944361,True,True,True,False,True,False
original_double_integrator_full,original,original,44,1000,0.0931931891554677,0.2950690139859216,0.2018758248304539,2.1662079242044023,True,12.671976327896118,12.671976327896118,0.49669449938816973,False,True,47,700,653,True,False,fallback,47.0,653.0,0.7060968081460627,True,True,True,False,True,False
original_double_integrator_full,original,original,45,1000,0.0941367754707675,0.3227612846568617,0.22862450918609423,2.428641814453157,True,25.02542421102524,25.02542421102524,0.5294288462514728,False,True,58,700,642,True,False,fallback,58.0,642.0,0.7142983931691217,True,True,True,False,True,False
original_double_integrator_full,original,original,46,1000,0.0933338119309509,0.3051507077392307,0.21181689580827978,2.2694551034193653,True,15648.831858725547,15648.831858725547,0.4984598732832651,False,True,52,700,648,True,False,fallback,52.0,648.0,0.7141765490629707,True,True,True,False,True,False
original_double_integrator_full,original,original,47,1000,0.0945705130101233,0.3930058068262588,0.2984352938161355,3.1556907572679602,True,14505.756372668744,14505.756372668744,0.5523801411074211,False,True,69,700,631,True,False,fallback,69.0,631.0,0.7164829708873474,True,True,True,False,True,False
original_double_integrator_full,original,original,48,1000,0.093167896567469,0.2607102992629825,0.16754240269551351,1.798284697499691,True,211.70750565767287,211.70750565767287,0.4789216527113642,False,True,48,700,652,True,False,fallback,48.0,652.0,0.7077524634186609,True,True,True,False,True,False
original_double_integrator_full,original,original,49,1000,0.0931253091079535,0.3036505453023096,0.21052523619435612,2.26066617347073,True,9142.39594620943,9142.39594620943,0.5112374149784057,False,True,64,700,636,True,False,fallback,64.0,636.0,0.7017432792390166,True,True,True,False,True,False
robustness_adam,robustness,adam,0,1000,0.078131886692004,0.0794124299765098,0.001280543284505803,0.016389509312039353,True,23454.049926774504,141.9070227098465,0.008365799665999362,True,True,47,700,653,True,False,fallback,47.0,653.0,0.6548561030902532,False,False,True,False,True,True
robustness_adam,robustness,adam,1,1000,0.078269189636736,0.0794907045045693,0.0012215148678332982,0.015606586365626235,True,476814.58604296687,476814.58604296687,0.010452915651966328,False,True,58,700,642,True,False,fallback,58.0,642.0,0.6199320935893671,False,False,True,False,True,False
robustness_adam,robustness,adam,2,1000,0.0779799477524164,0.0793648932910036,0.0013849455385872012,0.017760277847124938,True,176465.06319591284,171145.6100800228,0.006768831201868078,False,True,57,700,643,True,False,fallback,57.0,643.0,0.6105702973291545,False,False,True,False,True,False
robustness_adam,robustness,adam,3,1000,0.0782572922770749,0.0795824190191278,0.0013251267420529012,0.016932949038936922,True,331.091458773613,41.16185930013657,0.00763007228270565,True,True,44,700,656,True,False,fallback,44.0,656.0,0.6463510398987624,False,False,True,False,True,True
robustness_adam,robustness,adam,4,1000,0.0778956760972947,0.080604268934112,0.0027085928368173057,0.03477205632613252,True,40551.99247070789,1152.404055736065,0.014268282225371534,True,True,44,700,656,True,False,fallback,44.0,656.0,0.5751273939574475,False,False,True,False,True,True
robustness_adam,robustness,adam,5,1000,0.077667940472614,0.0799539185559842,0.0022859780833702076,0.029432711482497105,True,1739.7218879818915,165.89774455308915,0.013243486973716325,True,True,44,700,656,True,False,fallback,44.0,656.0,0.6154934268942888,False,False,True,False,True,True
robustness_adam,robustness,adam,6,1000,0.0779456291648351,0.0799694138110498,0.0020237846462146936,0.025964055558970543,True,221.68150327205657,33.592188193798066,0.010754496402632506,True,True,46,700,654,True,False,fallback,46.0,654.0,0.5649827641770004,False,False,True,False,True,True
robustness_adam,robustness,adam,7,1000,0.0783317439435862,0.0794906749052825,0.0011589309616962945,0.014795163535883305,True,1000.2051274394988,434.1945568847656,0.0039061070429499962,True,True,44,700,656,True,False,fallback,44.0,656.0,0.5962789482069849,False,False,True,False,True,True
robustness_adam,robustness,adam,8,1000,0.0775748037912916,0.0798646782163268,0.0022898744250351988,0.029518275433811098,True,17258.37314793587,26.457200717926025,0.021985524770708073,True,True,43,700,657,True,False,fallback,43.0,657.0,0.7372009143033422,False,False,True,False,True,True
robustness_adam,robustness,adam,9,1000,0.0780547939437164,0.0795398079770893,0.0014850140333729084,0.019025276454431736,True,25389.43175019026,12198.44078900814,0.01131873839683421,True,True,46,700,654,True,False,fallback,46.0,654.0,0.7407957601758325,False,False,True,False,True,True
robustness_adam,robustness,adam,10,1000,0.078329310710435,0.0801550012984444,0.001825690588009396,0.023307885278839535,True,1605.829234418869,357.2121771097183,0.010394446227517735,True,True,49,700,651,True,False,fallback,49.0,651.0,0.5642525122848563,False,False,True,False,True,True
robustness_adam,robustness,adam,11,1000,0.0777211946884939,0.0796786595402227,0.0019574648517288046,0.02518572777444187,True,455.8845286369324,345.4347713327408,0.010238397801567042,True,True,55,700,645,True,False,fallback,55.0,645.0,0.6371559621286853,False,False,True,False,True,True
robustness_adam,robustness,adam,12,1000,0.0784072949793003,0.079334495140738,0.0009272001614376996,0.011825432336142734,True,219071.54487529755,177022.9209902668,0.006136393239653686,False,True,53,700,647,True,False,fallback,53.0,647.0,0.6461602892107063,False,False,True,False,True,False
robustness_adam,robustness,adam,13,1000,0.0779806109744408,0.0792635588091798,0.0012829478347390066,0.016452138790750307,True,17987.997032227515,9545.464770712852,0.0036038492977613374,False,True,42,700,658,True,False,fallback,42.0,658.0,0.5574023194628682,False,False,True,False,True,False
robustness_adam,robustness,adam,14,1000,0.0779628082248818,0.0810813167574815,0.0031185085325996925,0.039999951305043184,True,212.3864378499985,25.892375702857972,0.015915133267209808,True,True,47,700,653,True,False,fallback,47.0,653.0,0.6259820245744722,False,False,True,False,True,True
robustness_episode_long,robustness,episode_long,0,1000,0.052464776429598,0.5564536338858307,0.5039888574562327,9.606232824274601,True,22128.087543337344,256200.90367767215,0.5195145271106729,False,True,57,700,643,True,False,fallback,57.0,643.0,0.7021491844128701,True,True,True,False,True,False
robustness_episode_long,robustness,episode_long,1,1000,0.0527353216372828,2.8455348801612854,2.7927995585240026,52.95880392525283,True,9374736.588021483,9374736.588021483,0.5748421795764537,False,True,75,700,625,True,False,fallback,75.0,625.0,0.6964064844186199,True,True,True,False,True,False
robustness_episode_long,robustness,episode_long,2,1000,0.0523436788042605,1.2479130621254444,1.1955693833211838,22.840759584209252,True,4205247.776290012,4205247.776290012,0.551315648211943,False,True,73,700,627,True,False,fallback,73.0,627.0,0.6925528606728347,True,True,True,False,True,False
robustness_episode_long,robustness,episode_long,3,1000,0.0523813656408896,0.4434101086878217,0.39102874304693214,7.465035289986595,True,509.17007592082024,509.17007592082024,0.4952190981668737,False,True,48,700,652,True,False,fallback,48.0,652.0,0.6943032004211118,True,True,True,False,True,False
robustness_episode_long,robustness,episode_long,4,1000,0.0518841695124352,0.189944321942898,0.13806015243046282,2.660930178276702,True,695.7702067673206,695.7702067673206,0.450944393929952,False,True,49,700,651,True,False,fallback,49.0,651.0,0.6924163871942748,True,True,True,False,True,False
robustness_episode_long,robustness,episode_long,5,1000,0.0517471509159328,0.3872627963969717,0.3355156454810389,6.483751076964792,True,244.2497466814518,244.2497466814518,0.5166326863178637,False,True,56,700,644,True,False,fallback,56.0,644.0,0.6879321438654697,True,True,True,False,True,False
robustness_episode_long,robustness,episode_long,6,1000,0.0522503164352159,0.4701812942349352,0.4179309777997193,7.99863055983409,True,396.8085377156734,396.8085377156734,0.5036452898670417,False,True,50,700,650,True,False,fallback,50.0,650.0,0.6935905719918468,True,True,True,False,True,False
robustness_episode_long,robustness,episode_long,7,1000,0.0526511998509749,1.2659346467256547,1.2132834468746798,23.04379482915458,True,552.0662103271484,552.0662103271484,0.5427023289055977,False,True,54,700,646,True,False,fallback,54.0,646.0,0.6945868444902246,True,True,True,False,True,False
robustness_episode_long,robustness,episode_long,8,1000,0.0520132035345743,0.2625294303360329,0.21051622680145857,4.047361294743629,True,199.48903302192687,199.48903302192687,0.4814387453648811,False,True,49,700,651,True,False,fallback,49.0,651.0,0.6966331026010312,True,True,True,False,True,False
robustness_episode_long,robustness,episode_long,9,1000,0.0518612094273966,0.2842645424975762,0.2324033330701796,4.481255559524388,True,58.995259100198744,54.63677241683006,0.4909809126218513,False,True,50,700,650,True,False,fallback,50.0,650.0,0.68918271905031,True,True,True,False,True,False
robustness_episode_long,robustness,episode_long,10,1000,0.0519393243449413,0.340910149325864,0.2889708249809227,5.563623104948368,True,369.36955718278887,369.36955718278887,0.503002242837589,False,True,53,700,647,True,False,fallback,53.0,647.0,0.6900243543311935,True,True,True,False,True,False
robustness_episode_long,robustness,episode_long,11,1000,0.0521691929455665,0.4876517638249788,0.43548257087941233,8.347504461757655,True,67.90396458387374,66.11562480568885,0.5167350420819504,False,True,59,700,641,True,False,fallback,59.0,641.0,0.6929624773742016,True,True,True,False,True,False
robustness_episode_long,robustness,episode_long,12,1000,0.052595459740163,0.4356049948977306,0.3830095351575676,7.282178671880559,True,5501544.759245133,5501544.759245133,0.5163569048346048,False,True,58,700,642,True,False,fallback,58.0,642.0,0.6963632462253412,True,True,True,False,True,False
robustness_episode_long,robustness,episode_long,13,1000,0.0521744908418772,0.3856360141563346,0.3334615233144574,6.391275083547317,True,130632.59340098142,130632.59340098142,0.510004694130617,False,True,59,700,641,True,False,fallback,59.0,641.0,0.6930506732711427,True,True,True,False,True,False
robustness_episode_long,robustness,episode_long,14,1000,0.0525942330369186,0.5963812319003046,0.543786998863386,10.339289451785977,True,223.427154648304,223.427154648304,0.504122802931976,False,True,47,700,653,True,False,fallback,47.0,653.0,0.6964788559723286,True,True,True,False,True,False
robustness_episode_short,robustness,episode_short,0,1000,0.173919211043115,0.7694958162307739,0.5955766051876589,3.424444037065083,True,38.76353302955627,38.76353302955627,0.5019985653614035,False,True,57,700,643,True,False,fallback,57.0,643.0,0.6940717613413944,True,True,True,False,True,False
robustness_episode_short,robustness,episode_short,1,1000,0.1741316997173087,0.8529548811912536,0.6788231814739449,3.898332024415827,True,18139.354273433684,18139.354273433684,0.5215465205921874,False,True,88,700,612,True,False,fallback,88.0,612.0,0.687797255099059,True,True,True,False,True,False
robustness_episode_short,robustness,episode_short,2,1000,0.173486567951618,0.8005919969081878,0.6271054289565698,3.614720357667444,True,5169.205160045623,5169.205160045623,0.5119831209976045,False,True,79,700,621,True,False,fallback,79.0,621.0,0.6870274110194924,True,True,True,False,True,False
robustness_episode_short,robustness,episode_short,3,1000,0.1733746953732997,0.6622872066497802,0.48891251127648055,2.819976180628807,True,7.99227454662323,7.99227454662323,0.49371212709312007,False,True,48,700,652,True,False,fallback,48.0,652.0,0.6863556952143224,True,True,True,False,True,False
robustness_episode_short,robustness,episode_short,4,1000,0.1729446919955101,0.5460761988162994,0.3731315068207893,2.157519276917018,True,18.737956738471983,18.737956738471983,0.4590503543949964,False,True,44,700,656,True,False,fallback,44.0,656.0,0.6847320339077287,True,True,True,False,True,False
robustness_episode_short,robustness,episode_short,5,1000,0.1725415700494341,0.7029082894325256,0.5303667193830914,3.073848923660185,True,167.71251852512358,167.71251852512358,0.49547226331148153,False,True,55,700,645,True,False,fallback,55.0,645.0,0.6853316428123835,True,True,True,False,True,False
robustness_episode_short,robustness,episode_short,6,1000,0.1730050581005192,0.6782977557182313,0.5052926976177121,2.92068164460329,True,7.370952200889588,7.370952200889588,0.4965728547037114,False,True,48,700,652,True,False,fallback,48.0,652.0,0.6849771970147549,True,True,True,False,True,False
robustness_episode_short,robustness,episode_short,7,1000,0.1738664852879471,0.8248423075675965,0.6509758222796493,3.7441133131640796,True,334.56480224609373,334.56480224609373,0.5198913882925725,False,True,63,700,637,True,False,fallback,63.0,637.0,0.6905501963472425,True,True,True,False,True,False
robustness_episode_short,robustness,episode_short,8,1000,0.173304082820502,0.6182797670364379,0.4449756842159359,2.567600699152686,True,6.492224388122558,6.492224388122558,0.47520719456492233,False,True,44,700,656,True,False,fallback,44.0,656.0,0.6881018381871912,True,True,True,False,True,False
robustness_episode_short,robustness,episode_short,9,1000,0.173064220360719,0.6155230045318604,0.4424587841711414,2.55661616970233,True,7.635557618141174,7.635557618141174,0.476788376541603,False,True,46,700,654,True,False,fallback,46.0,654.0,0.6852204645213206,True,True,True,False,True,False
robustness_episode_short,robustness,episode_short,10,1000,0.1729954392943279,0.6470628368854523,0.4740673975911244,2.740346216784155,True,82.57096920967102,82.57096920967102,0.48192584313546183,False,True,52,700,648,True,False,fallback,52.0,648.0,0.6872310320703962,True,True,True,False,True,False
robustness_episode_short,robustness,episode_short,11,1000,0.1730241325690617,0.7435411870479584,0.5705170544788967,3.297326482773596,True,9.39370768070221,10.331461200714111,0.5008783327884629,False,True,54,700,646,True,False,fallback,54.0,646.0,0.6840477012373283,True,True,True,False,True,False
robustness_episode_short,robustness,episode_short,12,1000,0.1740868717677629,0.8076450824737549,0.6335582107059919,3.639322162966875,True,3342.1146367836,3342.1146367836,0.5056496916471345,False,True,59,700,641,True,False,fallback,59.0,641.0,0.6887874689457105,True,True,True,False,True,False
robustness_episode_short,robustness,episode_short,13,1000,0.1732674210177363,0.7487347888946533,0.575467367876917,3.3212670015906225,True,427.866787519455,427.866787519455,0.49602273058979146,False,True,57,700,643,True,False,fallback,57.0,643.0,0.6853944623602459,True,True,True,False,True,False
robustness_episode_short,robustness,episode_short,14,1000,0.1732719817365961,0.7576084125041962,0.5843364307676001,3.3723653698143434,True,6.68481125831604,6.68481125831604,0.5136459550691639,False,True,47,700,653,True,False,fallback,47.0,653.0,0.6939722318914878,True,True,True,False,True,False
robustness_feedback_high,robustness,feedback_high,0,1000,0.0902792173265832,0.362667415459,0.27238819813241677,3.0171750065915846,True,29.128095703125,29.128095703125,0.37709227843268395,False,True,50,700,650,True,False,fallback,50.0,650.0,0.7067389161250958,True,True,True,False,True,False
robustness_feedback_high,robustness,feedback_high,1,1000,0.0902315025852739,0.4431655791493267,0.3529340765640528,3.911428563771395,True,1089387.8028256178,1089387.8028256178,0.40666736470723713,False,True,70,700,630,True,False,fallback,70.0,630.0,0.6938660217060538,True,True,True,False,True,False
robustness_feedback_high,robustness,feedback_high,2,1000,0.0898598317634167,0.3887543586267509,0.2988945268633342,3.3262306527600094,True,415695.1219636488,415695.1219636488,0.3931277039367952,False,True,63,700,637,True,False,fallback,63.0,637.0,0.6936367150608113,True,True,True,False,True,False
robustness_feedback_high,robustness,feedback_high,3,1000,0.0899859441728894,0.2991363927817428,0.2091504486088534,2.3242568662391765,True,127.78967638015747,127.78967638015747,0.3633619310558084,False,True,44,700,656,True,False,fallback,44.0,656.0,0.6949417678090911,True,True,True,False,True,False
robustness_feedback_high,robustness,feedback_high,4,1000,0.0897092491695224,0.4044842635840177,0.3147750144144953,3.508835681142187,True,332.47990564346316,332.47990564346316,0.349982463929875,False,True,42,700,658,True,False,fallback,42.0,658.0,0.7007652428424519,True,True,True,False,True,False
robustness_feedback_high,robustness,feedback_high,5,1000,0.089374718191719,0.3992550403717905,0.3098803221800715,3.4672033484384563,True,190.0527803134918,190.0527803134918,0.37688785532365265,False,True,54,700,646,True,False,fallback,54.0,646.0,0.6932655805577805,True,True,True,False,True,False
robustness_feedback_high,robustness,feedback_high,6,1000,0.0897835346101593,0.3161910510452071,0.2264075164350478,2.521704201311641,True,93.26991520166398,93.26991520166398,0.3686520317717629,False,True,45,700,655,True,False,fallback,45.0,655.0,0.6937613749920293,True,True,True,False,True,False
robustness_feedback_high,robustness,feedback_high,7,1000,0.0901811743173278,0.3731322451015711,0.2829510707842433,3.137584678023824,True,436.8859477043152,436.8859477043152,0.39079255537420915,False,True,52,700,648,True,False,fallback,52.0,648.0,0.6953676527418166,True,True,True,False,True,False
robustness_feedback_high,robustness,feedback_high,8,1000,0.0899735925463872,0.3753472431190311,0.2853736505726439,3.1717489820751052,True,54.17388521432876,54.17388521432876,0.3599066515391107,False,True,44,700,656,True,False,fallback,44.0,656.0,0.7053251714450094,True,True,True,False,True,False
robustness_feedback_high,robustness,feedback_high,9,1000,0.0897138916140938,0.3759138711402193,0.2861999795261255,3.190141174091754,True,18.422961320877075,18.422961320877075,0.3635536971294559,False,True,47,700,653,True,False,fallback,47.0,653.0,0.698779469522273,True,True,True,False,True,False
robustness_feedback_high,robustness,feedback_high,10,1000,0.0895590027502982,0.3717378925625235,0.2821788898122253,3.150759623786518,True,331.038516895771,331.038516895771,0.3684452517812296,False,True,46,700,654,True,False,fallback,46.0,654.0,0.6950919331234954,True,True,True,False,True,False
robustness_feedback_high,robustness,feedback_high,11,1000,0.0897424440850401,0.3695308876945637,0.2797884436095236,3.1176824574155297,True,24.55568039178848,25.33134698867798,0.37669957977168256,False,True,51,700,649,True,False,fallback,51.0,649.0,0.6965517702062889,True,True,True,False,True,False
robustness_feedback_high,robustness,feedback_high,12,1000,0.0903177913958514,0.4084903266245965,0.3181725352287451,3.522811290128158,True,459091.61056868074,459091.61056868074,0.3781852360662878,False,True,53,700,647,True,False,fallback,53.0,647.0,0.6986751589596146,True,True,True,False,True,False
robustness_feedback_high,robustness,feedback_high,13,1000,0.0899403058025109,0.4014696071762592,0.3115293013737483,3.4637340688811755,True,19114.32959606409,19114.32959606409,0.3725329727827004,False,True,57,700,643,True,False,fallback,57.0,643.0,0.6954225054292363,True,True,True,False,True,False
robustness_feedback_high,robustness,feedback_high,14,1000,0.0899473289671342,0.308797973289079,0.2188506443219448,2.4330977565983143,True,73.6722204208374,73.6722204208374,0.37085659149551436,False,True,43,700,657,True,False,fallback,43.0,657.0,0.6969794346559122,True,True,True,False,True,False
robustness_feedback_low,robustness,feedback_low,0,1000,0.105005589288963,0.2683707685559057,0.1633651792669427,1.5557760341440585,True,247.3386841416359,247.3386841416359,0.736235975385092,False,True,82,700,618,True,False,fallback,82.0,618.0,0.7697195663593475,True,True,True,False,True,False
robustness_feedback_low,robustness,feedback_low,1,1000,0.1053534382884104,0.2738320186225974,0.16847858033418697,1.5991749587988604,True,115993.03766925812,115993.03766925812,0.7753338387012761,False,True,104,700,596,True,False,fallback,104.0,596.0,0.7634690412014046,True,True,True,False,True,False
robustness_feedback_low,robustness,feedback_low,2,1000,0.1046123533703815,0.2684942100773332,0.1638818567069517,1.5665631393142043,True,38733.01031068087,38733.01031068087,0.754087504510952,False,True,93,700,607,True,False,fallback,93.0,607.0,0.7608967513886602,True,True,True,False,True,False
robustness_feedback_low,robustness,feedback_low,3,1000,0.1046873994153446,0.247714776424691,0.1430273770093464,1.3662329736732584,True,14.676710238456726,14.648375377655029,0.7240489321772042,False,True,66,700,634,True,False,fallback,66.0,634.0,0.7665640860601981,True,True,True,False,True,False
robustness_feedback_low,robustness,feedback_low,4,1000,0.103791696210422,0.2542141438368708,0.1504224476264488,1.4492724670525663,True,29.564174792766572,29.564174792766572,0.6839187784129007,False,True,62,700,638,True,False,fallback,62.0,638.0,0.7581579947483374,True,True,True,False,True,False
robustness_feedback_low,robustness,feedback_low,5,1000,0.1035429521363692,0.2792670621350407,0.1757241099986715,1.6971131918977693,True,226.57322298526765,226.57322298526765,0.7342557355667927,False,True,79,700,621,True,False,fallback,79.0,621.0,0.7568817437294113,True,True,True,False,True,False
robustness_feedback_low,robustness,feedback_low,6,1000,0.1042901927751484,0.254389103181893,0.1500989104067446,1.4392428128919146,True,13.4016490149498,13.288486404418943,0.7306626662734322,False,True,67,700,633,True,False,fallback,67.0,633.0,0.7634749265472438,True,True,True,False,True,False
robustness_feedback_low,robustness,feedback_low,7,1000,0.1053924364289607,0.2636180706205778,0.1582256341916171,1.5012997094745824,True,544.0388913679122,544.0388913679122,0.7575181109519632,False,True,87,700,613,True,False,fallback,87.0,613.0,0.7675451601740274,True,True,True,False,True,False
robustness_feedback_low,robustness,feedback_low,8,1000,0.104175741138474,0.2633595575764775,0.1591838164380035,1.5280315234466233,True,13.1558478474617,13.1558478474617,0.7063621897668232,False,True,62,700,638,True,False,fallback,62.0,638.0,0.7643493247348475,True,True,True,False,True,False
robustness_feedback_low,robustness,feedback_low,9,1000,0.103881988106604,0.2641632983926684,0.1602813102860644,1.5429172391423935,True,12.376595709323883,12.610556824207306,0.7111160402305545,False,True,68,700,632,True,False,fallback,68.0,632.0,0.7579632994449081,True,True,True,False,True,False
robustness_feedback_low,robustness,feedback_low,10,1000,0.1039998911568273,0.2640831848140806,0.16008329365725332,1.53926404995804,True,348.2626251220703,348.2626251220703,0.7160872179151986,False,True,76,700,624,True,False,fallback,76.0,624.0,0.7582950154952864,True,True,True,False,True,False
robustness_feedback_low,robustness,feedback_low,11,1000,0.104209500176309,0.274919573883526,0.170710073707217,1.6381431003737434,True,24.91994352579117,24.91994352579117,0.7368186864019194,False,True,80,700,620,True,False,fallback,80.0,620.0,0.7592672963381851,True,True,True,False,True,False
robustness_feedback_low,robustness,feedback_low,12,1000,0.1050611618341029,0.2933591448236257,0.18829798298952277,1.7922701377208754,True,36439.25387814283,36439.25387814283,0.7441531437945575,False,True,82,700,618,True,False,fallback,82.0,618.0,0.7646754092129872,True,True,True,False,True,False
robustness_feedback_low,robustness,feedback_low,13,1000,0.1042720050412179,0.2840296471025795,0.17975764206136158,1.7239300422995107,True,3067.84583766222,3067.84583766222,0.7308356779569513,False,True,78,700,622,True,False,fallback,78.0,622.0,0.7606638232121951,True,True,True,False,True,False
robustness_feedback_low,robustness,feedback_low,14,1000,0.1047296715250716,0.2532184022432193,0.1484887307181477,1.4178286683788601,True,12.674973413944244,12.50578379392624,0.7413215165883594,False,True,66,700,634,True,False,fallback,66.0,634.0,0.7695474695121287,True,True,True,False,True,False
robustness_high_control_penalty,robustness,high_control_penalty,0,1000,0.0939522312241944,0.3040831736584096,0.2101309424342152,2.2365721356078097,True,141.9070227098465,141.9070227098465,0.5005537952681478,False,True,56,700,644,True,False,fallback,56.0,644.0,0.7126070218573307,True,True,True,False,True,False
robustness_high_control_penalty,robustness,high_control_penalty,1,1000,0.0941218473579647,0.3606849041919118,0.2665630568339471,2.832106087125055,True,476814.58604296687,476814.58604296687,0.5349705649766616,False,True,82,700,618,True,False,fallback,82.0,618.0,0.7020152983779321,True,True,True,False,True,False
robustness_high_control_penalty,robustness,high_control_penalty,2,1000,0.0935924625850399,0.3201045287920305,0.2265120662069906,2.420195600699975,True,171145.6100800228,171145.6100800228,0.517557460544447,False,True,74,700,626,True,False,fallback,74.0,626.0,0.6999596810159667,True,True,True,False,True,False
robustness_high_control_penalty,robustness,high_control_penalty,3,1000,0.0937742125648981,0.2722309791304046,0.17845676656550652,1.9030473483528574,True,41.16185930013657,41.16185930013657,0.48800975776362365,False,True,49,700,651,True,False,fallback,49.0,651.0,0.7047877210248832,True,True,True,False,True,False
robustness_high_control_penalty,robustness,high_control_penalty,4,1000,0.0931918714637078,0.3012766348361038,0.20808476337239598,2.232863876474801,True,126.08653475046158,126.08653475046158,0.46466978546739796,False,True,47,700,653,True,False,fallback,47.0,653.0,0.7019466547854606,True,True,True,False,True,False
robustness_high_control_penalty,robustness,high_control_penalty,5,1000,0.092798951114763,0.3096757922280813,0.21687684111331829,2.3370613407592304,True,165.89774455308915,165.89774455308915,0.4971550153448224,False,True,53,700,647,True,False,fallback,53.0,647.0,0.6977887362580338,True,True,True,False,True,False
robustness_high_control_penalty,robustness,high_control_penalty,6,1000,0.0935116943049078,0.2803479241513376,0.18683622984642978,1.9979985523224981,True,33.592188193798066,33.592188193798066,0.4925783099699128,False,True,51,700,649,True,False,fallback,51.0,649.0,0.7023616434380298,True,True,True,False,True,False
robustness_high_control_penalty,robustness,high_control_penalty,7,1000,0.0940171516723004,0.3221520300745123,0.22813487840221192,2.426524036777703,True,434.1945568847656,434.1945568847656,0.5195481584107409,False,True,58,700,642,True,False,fallback,58.0,642.0,0.704847980949543,True,True,True,False,True,False
robustness_high_control_penalty,robustness,high_control_penalty,8,1000,0.0934863314445141,0.2947229226579657,0.20123659121345158,2.1525776881392473,True,26.457200717926025,26.457200717926025,0.47749202666814916,False,True,47,700,653,True,False,fallback,47.0,653.0,0.7084999192801377,True,True,True,False,True,False
robustness_high_control_penalty,robustness,high_control_penalty,9,1000,0.093147661078084,0.2975284546636976,0.2043807935856136,2.1941591578374133,True,12.149343402385712,12.149343402385712,0.48279220920326227,False,True,47,700,653,True,False,fallback,47.0,653.0,0.7012863672561789,True,True,True,False,True,False
robustness_high_control_penalty,robustness,high_control_penalty,10,1000,0.0931908858543512,0.2966430809635494,0.2034521951091982,2.1831769624679316,True,357.2121771097183,357.2121771097183,0.48690591288388385,False,True,54,700,646,True,False,fallback,54.0,646.0,0.7000701933923195,True,True,True,False,True,False
robustness_high_control_penalty,robustness,high_control_penalty,11,1000,0.0933506764164236,0.3028353070008234,0.2094846305843998,2.2440611961922996,True,19.794599561691285,26.71807363986969,0.49828579366669656,False,True,58,700,642,True,False,fallback,58.0,642.0,0.7010288586140017,True,True,True,False,True,False
robustness_high_control_penalty,robustness,high_control_penalty,12,1000,0.0940311890321282,0.3249861011861139,0.23095491215398567,2.4561522036595105,True,177022.9209902668,177022.9209902668,0.5009379916056684,False,True,59,700,641,True,False,fallback,59.0,641.0,0.705071999547635,True,True,True,False,True,False
robustness_high_control_penalty,robustness,high_control_penalty,13,1000,0.093440050157945,0.3165128339719376,0.2230727838139926,2.3873358740382185,True,9545.464770712852,9545.464770712852,0.49347188214741294,False,True,59,700,641,True,False,fallback,59.0,641.0,0.7009214160942708,True,True,True,False,True,False
robustness_high_control_penalty,robustness,high_control_penalty,14,1000,0.0937701124240772,0.2829989590563068,0.18922884663222958,2.018008102373156,True,25.892375702857972,25.892375702857972,0.4976468155227035,False,True,49,700,651,True,False,fallback,49.0,651.0,0.7069310406627106,True,True,True,False,True,False
robustness_init_strong,robustness,init_strong,0,1000,0.0963658016816798,0.4012640127167106,0.3048982110350308,3.1639669438146263,True,43.1393877696991,359.0697495174408,0.48229542666206193,False,True,46,700,654,True,False,fallback,46.0,654.0,0.7582899749961526,True,True,True,False,True,False
robustness_init_strong,robustness,init_strong,1,1000,0.0960683545212741,0.3926611933857202,0.2965928388644461,3.087310492018122,True,498070.50981011393,498070.50981011393,0.5046049685391993,False,True,64,700,636,True,False,fallback,64.0,636.0,0.749390223080543,True,True,True,False,True,False
robustness_init_strong,robustness,init_strong,2,1000,0.0956413439298177,0.4242525943368673,0.3286112504070496,3.4358702722557606,True,145044.0162535858,145044.0162535858,0.5023422486875722,False,True,62,700,638,True,False,fallback,62.0,638.0,0.7437432693647139,True,True,True,False,True,False
robustness_init_strong,robustness,init_strong,3,1000,0.0953992904425443,0.3310087710339576,0.2356094805914133,2.469719423472156,True,14.89614648103714,14.89614648103714,0.4684138328724069,False,True,36,700,664,True,False,fallback,36.0,664.0,0.7491318484820692,True,True,True,False,True,False
robustness_init_strong,robustness,init_strong,4,1000,0.0953052142402981,0.4234124009311199,0.32810718669082184,3.4426992196203217,True,146.36403798818588,146.36403798818588,0.4542875271719595,False,True,39,700,661,True,False,fallback,39.0,661.0,0.7474747287149475,True,True,True,False,True,False
robustness_init_strong,robustness,init_strong,5,1000,0.0944528962914821,0.618199868798256,0.5237469725067738,5.545059951263836,True,146.56460864305495,146.56460864305495,0.5049591115109425,False,True,41,700,659,True,False,fallback,41.0,659.0,0.7351887117885882,True,True,True,False,True,False
robustness_init_strong,robustness,init_strong,6,1000,0.0954558350297633,0.3415676773805171,0.24611184235075378,2.578279706777649,True,40.263218665122984,40.263218665122984,0.47652611437774384,False,True,40,700,660,True,False,fallback,40.0,660.0,0.7422023701373974,True,True,True,False,True,False
robustness_init_strong,robustness,init_strong,7,1000,0.0964431006244482,0.5353946547210217,0.43895155409657344,4.551404416225289,True,580.0809699106217,580.0809699106217,0.5029393356006048,False,True,44,700,656,True,False,fallback,44.0,656.0,0.7471063133112449,True,True,True,False,True,False
robustness_init_strong,robustness,init_strong,8,1000,0.0956336358908373,0.4376783879101276,0.3420447520192903,3.5766155791642524,True,24.169517097473143,24.169517097473143,0.46514489998639447,False,True,34,700,666,True,False,fallback,34.0,666.0,0.7487463708892128,True,True,True,False,True,False
robustness_init_strong,robustness,init_strong,9,1000,0.0949516573057558,0.44170804284513,0.34675638553937416,3.6519255732712144,True,12.17533063173294,12.17533063173294,0.47333424953041725,False,True,35,700,665,True,False,fallback,35.0,665.0,0.7413884259110048,True,True,True,False,True,False
robustness_init_strong,robustness,init_strong,10,1000,0.0949480238316008,0.425334545597434,0.3303865217658332,3.4796566419518604,True,263.70805552005766,263.70805552005766,0.47680230977282456,False,True,37,700,663,True,False,fallback,37.0,663.0,0.7425738584356338,True,True,True,False,True,False
robustness_init_strong,robustness,init_strong,11,1000,0.0955411551824765,0.4565287066996097,0.36098755151713324,3.7783461046464626,True,45.70574678897858,45.70574678897858,0.4926225635744798,False,True,43,700,657,True,False,fallback,43.0,657.0,0.7438882508443703,True,True,True,False,True,False
robustness_init_strong,robustness,init_strong,12,1000,0.0964822354269749,0.7078010571002961,0.6113188216733212,6.336076470118831,True,215741.96321563245,215741.96321563245,0.4938648714922914,False,True,44,700,656,True,False,fallback,44.0,656.0,0.752672702760001,True,True,True,False,True,False
robustness_init_strong,robustness,init_strong,13,1000,0.0955897860120215,0.651205575466156,0.5556157894541345,5.812501655608471,True,7067.127945251465,7067.127945251465,0.493889149849868,False,True,45,700,655,True,False,fallback,45.0,655.0,0.7445700454580405,True,True,True,False,True,False
robustness_init_strong,robustness,init_strong,14,1000,0.0959576093166908,0.4859341223537922,0.3899765130371014,4.064049905099805,True,16.86093504190445,16.86093504190445,0.49225323701883705,False,True,36,700,664,True,False,fallback,36.0,664.0,0.7580350743737967,True,True,True,False,True,False
robustness_init_weak,robustness,init_weak,0,1000,0.0931911123638036,0.3000829013761983,0.2068917890123947,2.2200806897198664,True,334.36015012741086,334.36015012741086,0.5087263748691392,False,True,58,700,642,True,False,fallback,58.0,642.0,0.6960949876023976,True,True,True,False,True,False
robustness_init_weak,robustness,init_weak,1,1000,0.0935900765691536,0.3645543864500871,0.2709643098809335,2.8952247910676547,True,468687.1169200992,468687.1169200992,0.5445725872416012,False,True,82,700,618,True,False,fallback,82.0,618.0,0.6906901263707662,True,True,True,False,True,False
robustness_init_weak,robustness,init_weak,2,1000,0.0930223244470824,0.3193800467189257,0.2263577222718433,2.4333698777932753,True,177892.1489498377,177892.1489498377,0.5238683280656894,False,True,72,700,628,True,False,fallback,72.0,628.0,0.6889313675086925,True,True,True,False,True,False
robustness_init_weak,robustness,init_weak,3,1000,0.0932272090060459,0.2750473359063446,0.1818201269002987,1.9502903587782772,True,54.58495058059693,54.58495058059693,0.49896981569990884,False,True,52,700,648,True,False,fallback,52.0,648.0,0.6938446046010188,True,True,True,False,True,False
robustness_init_weak,robustness,init_weak,4,1000,0.0924663198726473,0.2867446931218728,0.19427837324922548,2.10107175798499,True,124.57932557821272,124.57932557821272,0.472117859226992,False,True,49,700,651,True,False,fallback,49.0,651.0,0.6874366221915097,True,True,True,False,True,False
robustness_init_weak,robustness,init_weak,5,1000,0.0922850505834325,0.3050888478639535,0.212803797280521,2.305940083850641,True,166.84643897294998,166.84643897294998,0.5039402999390508,False,True,54,700,646,True,False,fallback,54.0,646.0,0.6869925800587408,True,True,True,False,True,False
robustness_init_weak,robustness,init_weak,6,1000,0.0929699668075176,0.2797800990433664,0.18681013223584883,2.0093599971119196,True,29.867549736499782,29.867549736499782,0.49954027490966835,False,True,52,700,648,True,False,fallback,52.0,648.0,0.6914056657168549,True,True,True,False,True,False
robustness_init_weak,robustness,init_weak,7,1000,0.0933971475137019,0.3219840998730087,0.2285869523593068,2.447472523995144,True,393.1710808944702,393.1710808944702,0.5286028330104242,False,True,59,700,641,True,False,fallback,59.0,641.0,0.6960546052595107,True,True,True,False,True,False
robustness_init_weak,robustness,init_weak,8,1000,0.0926905163954035,0.2897386395357898,0.19704812314038633,2.125871457008712,True,27.753890545368193,27.753890545368193,0.48738669881567753,False,True,48,700,652,True,False,fallback,48.0,652.0,0.6896179809872051,True,True,True,False,True,False
robustness_init_weak,robustness,init_weak,9,1000,0.0925199675769648,0.2960041320545133,0.20348416447754852,2.19935404007006,True,13.53310604095459,13.53310604095459,0.492386821459688,False,True,48,700,652,True,False,fallback,48.0,652.0,0.6882403982886456,True,True,True,False,True,False
robustness_init_weak,robustness,init_weak,10,1000,0.0926495096012956,0.3004932419254328,0.20784373232413722,2.2433333238196735,True,416.1009058856964,416.1009058856964,0.4956238645318333,False,True,57,700,643,True,False,fallback,57.0,643.0,0.6879480414856713,True,True,True,False,True,False
robustness_init_weak,robustness,init_weak,11,1000,0.0926746845454117,0.2974021017156519,0.2047274171702402,2.2090975348280937,True,16.60762131690979,17.845029017925263,0.5041554640401479,False,True,53,700,647,True,False,fallback,53.0,647.0,0.6890179642481382,True,True,True,False,True,False
robustness_init_weak,robustness,init_weak,12,1000,0.0932815427697391,0.3117316772138964,0.21845013444415728,2.341836637322677,True,161619.0534957838,161619.0534957838,0.5135491754260544,False,True,66,700,634,True,False,fallback,66.0,634.0,0.6907243420712518,True,True,True,False,True,False
robustness_init_weak,robustness,init_weak,13,1000,0.0928099620309273,0.3058162921511757,0.2130063301202484,2.295080457518857,True,10671.076263804436,10671.076263804436,0.5012633220492579,False,True,60,700,640,True,False,fallback,60.0,640.0,0.6871534409419267,True,True,True,False,True,False
robustness_init_weak,robustness,init_weak,14,1000,0.0932290027159579,0.2834675169005237,0.19023851418456578,2.040550779719999,True,27.01955757379532,27.01955757379532,0.5086056224588026,False,True,52,700,648,True,False,fallback,52.0,648.0,0.6990897488051007,True,True,True,False,True,False
robustness_lr_high,robustness,lr_high,0,1000,0.0833221619895442,0.2059889590227976,0.1226667970332534,1.4721989216824019,True,141.9070227098465,141.9070227098465,0.4367216500194169,False,True,48,700,652,True,False,fallback,48.0,652.0,0.6363210050747162,True,True,True,False,True,False
robustness_lr_high,robustness,lr_high,1,1000,0.0831856705776694,0.2648486328497529,0.1816629622720835,2.183825182997919,True,476814.58604296687,476814.58604296687,0.4740611543678849,False,True,46,700,654,True,False,fallback,46.0,654.0,0.6255302563276272,True,True,True,False,True,False
robustness_lr_high,robustness,lr_high,2,1000,0.0831293826785892,0.2150648011732846,0.13193541849469542,1.5871093257700408,True,171145.6100800228,171145.6100800228,0.4472735442835451,False,True,50,700,650,True,False,fallback,50.0,650.0,0.6271451531029513,True,True,True,False,True,False
robustness_lr_high,robustness,lr_high,3,1000,0.0831234597133197,0.1887195143732242,0.1055960546599045,1.270352016435425,True,41.16185930013657,41.16185930013657,0.4286273907416934,False,True,38,700,662,True,False,fallback,38.0,662.0,0.6246031242325282,True,True,True,False,True,False
robustness_lr_high,robustness,lr_high,4,1000,0.0830748499236099,0.1480768365609401,0.06500198663733019,0.7824508464005855,True,126.08653475046158,689.6725131201744,0.37842955228107256,False,True,39,700,661,True,False,fallback,39.0,661.0,0.6247807208776908,True,True,True,False,True,False
robustness_lr_high,robustness,lr_high,5,1000,0.0829030099225781,0.1760882905125618,0.09318528058998371,1.124027712347333,True,165.89774455308915,165.89774455308915,0.416093622325513,False,True,44,700,656,True,False,fallback,44.0,656.0,0.6269979024405814,True,True,True,False,True,False
robustness_lr_high,robustness,lr_high,6,1000,0.0830611736177661,0.1854617410921491,0.102400567474383,1.2328331398929375,True,33.592188193798066,33.592188193798066,0.42618199827974657,False,True,44,700,656,True,False,fallback,44.0,656.0,0.6255708069103574,True,True,True,False,True,False
robustness_lr_high,robustness,lr_high,7,1000,0.0832892535027023,0.2465247541479766,0.16323550064527428,1.9598626927299587,True,434.1945568847656,434.1945568847656,0.46449636258002647,False,True,47,700,653,True,False,fallback,47.0,653.0,0.6310936739323392,True,True,True,False,True,False
robustness_lr_high,robustness,lr_high,8,1000,0.0832293492095579,0.1627940299684996,0.07956468075894169,0.9559690363385014,True,26.457200717926025,37.651653761863706,0.39727781124053646,False,True,41,700,659,True,False,fallback,41.0,659.0,0.6294472480705621,True,True,True,False,True,False
robustness_lr_high,robustness,lr_high,9,1000,0.0831563780183929,0.1623200410438585,0.0791636630254656,0.9519854629545772,True,12.149343402385712,12.149343402385712,0.39775295754340395,False,True,40,700,660,True,False,fallback,40.0,660.0,0.6251829608086398,True,True,True,False,True,False
robustness_lr_high,robustness,lr_high,10,1000,0.083063209296919,0.1692011345335049,0.08613792523658591,1.0370165800923485,True,357.2121771097183,357.2121771097183,0.4041233255096562,False,True,41,700,659,True,False,fallback,41.0,659.0,0.6304882005821142,True,True,True,False,True,False
robustness_lr_high,robustness,lr_high,11,1000,0.0830135470869858,0.1904864055546932,0.1074728584677074,1.2946424076433198,True,19.73717726945877,173.63393408298492,0.4284181581327608,False,True,44,700,656,True,False,fallback,44.0,656.0,0.6241331559377448,True,True,True,False,True,False
robustness_lr_high,robustness,lr_high,12,1000,0.083439719175425,0.2101335143949836,0.1266937952195586,1.518387123921109,True,177022.9209902668,177022.9209902668,0.4403813269691434,False,True,48,700,652,True,False,fallback,48.0,652.0,0.6276140406334522,True,True,True,False,True,False
robustness_lr_high,robustness,lr_high,13,1000,0.0831560614819455,0.1918228962738067,0.10866683479186119,1.3067818852321966,True,9545.464770712852,9545.464770712852,0.4251686261365454,False,True,45,700,655,True,False,fallback,45.0,655.0,0.627137474985824,True,True,True,False,True,False
robustness_lr_high,robustness,lr_high,14,1000,0.0831869794841054,0.2272235030122101,0.1440365235281047,1.7314791860621153,True,25.892375702857972,25.892375702857972,0.45278543661149534,False,True,40,700,660,True,False,fallback,40.0,660.0,0.6365889025417164,True,True,True,False,True,False
robustness_lr_low,robustness,lr_low,0,1000,0.1200346411241428,7.851088771820068,7.7310541306959255,64.40685837266159,True,141.9070227098465,141.9070227098465,0.51803978353698,False,True,133,700,567,True,False,fallback,133.0,567.0,0.7787978757701166,True,True,True,False,True,False
robustness_lr_low,robustness,lr_low,1,1000,0.123043550263093,12.118512556552886,11.995469006289794,97.489620387586,True,476814.58604296687,476814.58604296687,0.5553595939670803,False,True,206,700,494,True,False,fallback,206.0,494.0,0.7883181849984162,True,True,True,False,True,False
robustness_lr_low,robustness,lr_low,2,1000,0.1210724182736144,11.526726517677307,11.405654099403693,94.20522247790399,True,171145.6100800228,171145.6100800228,0.5442309088411474,False,True,35,45,10,True,True,slope,81.0,-36.0,0.7822443224333415,True,True,True,True,True,False
robustness_lr_low,robustness,lr_low,3,1000,0.1194426878682481,7.175218068361282,7.055775380493034,59.072476569481964,True,41.16185930013657,41.16185930013657,0.4877606103257702,False,True,107,700,593,True,False,fallback,107.0,593.0,0.775829975782943,True,True,True,False,True,False
robustness_lr_low,robustness,lr_low,4,1000,0.1175811709453127,1.59814266204834,1.4805614911030274,12.591824687573832,True,126.08653475046158,126.08653475046158,0.4386835287249592,False,True,104,700,596,True,False,fallback,104.0,596.0,0.7618311296530451,True,True,True,False,True,False
robustness_lr_low,robustness,lr_low,5,1000,0.1179223893518208,6.43295432806015,6.315031938708329,53.55244219032457,True,165.89774455308915,165.89774455308915,0.5221037949907442,False,True,126,700,574,True,False,fallback,126.0,574.0,0.777592839489661,True,True,True,False,True,False
robustness_lr_low,robustness,lr_low,6,1000,0.1191035618288227,7.022351058721543,6.90324749689272,57.9600424277333,True,33.61775626182556,33.592188193798066,0.5005422673938829,False,True,111,700,589,True,False,fallback,111.0,589.0,0.7753608626124291,True,True,True,False,True,False
robustness_lr_low,robustness,lr_low,7,1000,0.121241792025523,11.665318915843963,11.54407712381844,95.21532906234394,True,434.1945568847656,434.1945568847656,0.530024874463012,False,True,137,700,563,True,False,fallback,137.0,563.0,0.7830468640710867,True,True,True,False,True,False
robustness_lr_low,robustness,lr_low,8,1000,0.1178984636651996,2.9861698853969574,2.868271421731758,24.328318898852565,True,26.457200717926025,26.457200717926025,0.4773126713738567,False,True,103,700,597,True,False,fallback,103.0,597.0,0.7669977418941807,True,True,True,False,True,False
robustness_lr_low,robustness,lr_low,9,1000,0.117540061805286,3.135340511798858,3.017800449993572,25.67465427228366,True,12.474897949695588,12.149343402385712,0.488000738038615,False,True,102,700,598,True,False,fallback,102.0,598.0,0.7681233228062924,True,True,True,False,True,False
robustness_lr_low,robustness,lr_low,10,1000,0.1181171168947377,4.08647269487381,3.968355577979072,33.59678666653832,True,357.2121771097183,357.2121771097183,0.5031381246632848,False,True,118,700,582,True,False,fallback,118.0,582.0,0.7749693172853376,True,True,True,False,True,False
robustness_lr_low,robustness,lr_low,11,1000,0.1193110834882444,8.080464117527008,7.961153034038763,66.72601405738779,True,21.001313376426697,19.73717726945877,0.5200659974946905,False,True,131,700,569,True,False,fallback,131.0,569.0,0.7758219270351361,True,True,True,False,True,False
robustness_lr_low,robustness,lr_low,12,1000,0.1207744787109806,4.774034967422486,4.6532604887115045,38.52850816145513,True,177022.9209902668,177022.9209902668,0.5097159508073331,False,True,142,700,558,True,False,fallback,142.0,558.0,0.7758252555674514,True,True,True,False,True,False
robustness_lr_low,robustness,lr_low,13,1000,0.1194152820264399,5.515207226276398,5.395791944249958,45.185104056072724,True,9545.464770712852,9545.464770712852,0.5104724999218837,False,True,137,700,563,True,False,fallback,137.0,563.0,0.7770420310908349,True,True,True,False,True,False
robustness_lr_low,robustness,lr_low,14,1000,0.1204221424600505,9.020655546188356,8.900233403728306,73.9086120036514,True,26.60038125514984,25.892375702857972,0.5035515934938969,False,True,110,700,590,True,False,fallback,110.0,590.0,0.7900675263230621,True,True,True,False,True,False
robustness_no_clip,robustness,no_clip,0,1000,,,,,False,141.9070227098465,1.1461543434985222e+28,0.0,False,False,0,1000,1000,False,False,nonfinite_loss,,,,False,False,False,False,False,False
robustness_no_clip,robustness,no_clip,1,1000,,,,,False,476814.58604296687,3.7734677767517006e+31,0.0,False,False,0,1000,1000,False,False,nonfinite_loss,,,,False,False,False,False,False,False
robustness_no_clip,robustness,no_clip,2,1000,,,,,False,171145.6100800228,6.913623756390045e+31,0.0,False,False,0,1000,1000,False,False,nonfinite_loss,,,,False,False,False,False,False,False
robustness_no_clip,robustness,no_clip,3,1000,,,,,False,41.16185930013657,7.573790111200932e+31,0.0,False,False,0,1000,1000,False,False,nonfinite_loss,,,,False,False,False,False,False,False
robustness_no_clip,robustness,no_clip,4,1000,,,,,False,126.08653475046158,6.015396899302852e+31,0.0,False,False,0,1000,1000,False,False,nonfinite_loss,,,,False,False,False,False,False,False
robustness_no_clip,robustness,no_clip,5,1000,,,,,False,165.89774455308915,7.157520838450644e+33,0.0,False,False,0,1000,1000,False,False,nonfinite_loss,,,,False,False,False,False,False,False
robustness_no_clip,robustness,no_clip,6,1000,,,,,False,33.592188193798066,2.28718673185949e+32,0.0,False,False,0,1000,1000,False,False,nonfinite_loss,,,,False,False,False,False,False,False
robustness_no_clip,robustness,no_clip,7,1000,,,,,False,434.1945568847656,2.5358493730432906e+31,0.0,False,False,0,1000,1000,False,False,nonfinite_loss,,,,False,False,False,False,False,False
robustness_no_clip,robustness,no_clip,8,1000,,,,,False,26.457200717926025,2.345388848756691e+35,0.0,False,False,0,1000,1000,False,False,nonfinite_loss,,,,False,False,False,False,False,False
robustness_no_clip,robustness,no_clip,9,1000,,,,,False,12.149343402385712,1.4385601707205745e+31,0.0,False,False,0,1000,1000,False,False,nonfinite_loss,,,,False,False,False,False,False,False
robustness_no_clip,robustness,no_clip,10,1000,,,,,False,357.2121771097183,1.665491872668465e+36,0.0,False,False,0,1000,1000,False,False,nonfinite_loss,,,,False,False,False,False,False,False
robustness_no_clip,robustness,no_clip,11,1000,,,,,False,19.73717726945877,8.579105927167986e+34,0.0,False,False,0,1000,1000,False,False,nonfinite_loss,,,,False,False,False,False,False,False
robustness_no_clip,robustness,no_clip,12,1000,,,,,False,177022.9209902668,9.67224086492882e+30,0.0,False,False,0,1000,1000,False,False,nonfinite_loss,,,,False,False,False,False,False,False
robustness_no_clip,robustness,no_clip,13,1000,,,,,False,9545.464770712852,2.4450416080301267e+34,0.0,False,False,0,1000,1000,False,False,nonfinite_loss,,,,False,False,False,False,False,False
robustness_no_clip,robustness,no_clip,14,1000,,,,,False,25.892375702857972,7.983975331308694e+34,0.0,False,False,0,1000,1000,False,False,nonfinite_loss,,,,False,False,False,False,False,False
robustness_obs_noise,robustness,obs_noise,0,1000,0.1053290462587028,0.2857428635982796,0.1804138173395768,1.7128591186181952,True,141.90505145072936,141.05374790906907,0.48758770916707583,False,True,56,700,644,True,False,fallback,56.0,644.0,0.675422267659667,True,True,True,False,True,False
robustness_obs_noise,robustness,obs_noise,1,1000,0.1068008082080632,0.2978526579705067,0.1910518497624435,1.7888614605822761,True,476901.67047223565,476735.6728485131,0.534654958558966,False,True,82,700,618,True,False,fallback,82.0,618.0,0.6647280338526061,True,True,True,False,True,False
robustness_obs_noise,robustness,obs_noise,2,1000,0.1069089208357036,0.2864850893942639,0.17957616855856035,1.6797117317696149,True,171132.38378130435,170823.21392478942,0.5052129806781345,False,True,77,700,623,True,False,fallback,77.0,623.0,0.6637035689937825,True,True,True,False,True,False
robustness_obs_noise,robustness,obs_noise,3,1000,0.1041880559735,0.2537225336465053,0.14953447767300532,1.4352362780532066,True,41.39374299287796,41.30972820281983,0.48763753995706927,False,True,48,700,652,True,False,fallback,48.0,652.0,0.6687517568315063,True,True,True,False,True,False
robustness_obs_noise,robustness,obs_noise,4,1000,0.1036146119795739,0.3014731722138822,0.1978585602343083,1.9095623334796952,True,126.4238280558586,125.32127006530762,0.4612234739429969,False,True,47,700,653,True,False,fallback,47.0,653.0,0.663484699626893,True,True,True,False,True,False
robustness_obs_noise,robustness,obs_noise,5,1000,0.1024635000620037,0.3192869383469224,0.21682343828491868,2.116104155662381,True,165.80502883672713,165.7991191673279,0.48593921152899777,False,True,53,700,647,True,False,fallback,53.0,647.0,0.6606450700599182,True,True,True,False,True,False
robustness_obs_noise,robustness,obs_noise,6,1000,0.1061063225101679,0.2623717334726825,0.15626541096251462,1.4727247845908533,True,33.58361897468567,33.80073773384094,0.4938023058426602,False,True,51,700,649,True,False,fallback,51.0,649.0,0.6658060388199415,True,True,True,False,True,False
robustness_obs_noise,robustness,obs_noise,7,1000,0.1061513287760317,0.2824779070052318,0.1763265782292001,1.6610868677982438,True,432.7982307744026,433.8181898570061,0.5083607109203884,False,True,58,700,642,True,False,fallback,58.0,642.0,0.6681817714416128,True,True,True,False,True,False
robustness_obs_noise,robustness,obs_noise,8,1000,0.104717728709802,0.2936123916134238,0.18889466290362178,1.8038460653314425,True,26.32015103816986,26.43927592277527,0.4682953582401143,False,True,45,700,655,True,False,fallback,45.0,655.0,0.6712566229837645,True,True,True,False,True,False
robustness_obs_noise,robustness,obs_noise,9,1000,0.1047234898246824,0.2957650162000209,0.1910415263753385,1.8242471359115433,True,12.212011976242064,12.145022573471069,0.4852276132249351,False,True,46,700,654,True,False,fallback,46.0,654.0,0.6640183210237596,True,True,True,False,True,False
robustness_obs_noise,robustness,obs_noise,10,1000,0.1028879052959382,0.2903527287300676,0.1874648234341294,1.822029740958582,True,357.2251461839676,357.1152632975578,0.48833105380103314,False,True,53,700,647,True,False,fallback,53.0,647.0,0.6622467722467511,True,True,True,False,True,False
robustness_obs_noise,robustness,obs_noise,11,1000,0.104722646260634,0.2961469722073525,0.1914243259467185,1.8279171963464436,True,19.80695990562439,26.713901226520537,0.4849881082690337,False,True,59,700,641,True,False,fallback,59.0,641.0,0.6636367734728321,True,True,True,False,True,False
robustness_obs_noise,robustness,obs_noise,12,1000,0.1032894077803939,0.3144846150185912,0.2111952072381973,2.0446937568586367,True,177074.767047112,176741.739125185,0.48801176897755316,False,True,60,700,640,True,False,fallback,60.0,640.0,0.6687490109790893,True,True,True,False,True,False
robustness_obs_noise,robustness,obs_noise,13,1000,0.1035227059759199,0.3184454524517059,0.21492274647578602,2.0760928189587564,True,9548.40380903244,9550.852061436177,0.48302266850491227,False,True,58,700,642,True,False,fallback,58.0,642.0,0.6642014327756591,True,True,True,False,True,False
robustness_obs_noise,robustness,obs_noise,14,1000,0.1029231097456067,0.2614620063244365,0.1585388965788298,1.5403624800172449,True,25.970708026885987,25.66510486125946,0.49376336669912557,False,True,48,700,652,True,False,fallback,48.0,652.0,0.6695427036237137,True,True,True,False,True,False
robustness_original,robustness,original,0,1000,0.0936760922797711,0.3083519608905681,0.21467586861079702,2.291682577552984,True,141.9070227098465,141.9070227098465,0.5066639317967822,False,True,56,700,644,True,False,fallback,56.0,644.0,0.717580328934625,True,True,True,False,True,False
robustness_original,robustness,original,1,1000,0.0938450206335405,0.3589410414566323,0.2650960208230918,2.8248277749149504,True,476814.58604296687,476814.58604296687,0.5398049084242095,False,True,82,700,618,True,False,fallback,82.0,618.0,0.7070100554464966,True,True,True,False,True,False
robustness_original,robustness,original,2,1000,0.0933260272736206,0.322125861103272,0.2287998338296514,2.4516187018101396,True,171145.6100800228,171145.6100800228,0.5230120701829541,False,True,74,700,626,True,False,fallback,74.0,626.0,0.705029588573927,True,True,True,False,True,False
robustness_original,robustness,original,3,1000,0.0935036225373508,0.273738805925548,0.18023518338819722,1.9275743388038338,True,41.16185930013657,41.16185930013657,0.4938747264907972,False,True,49,700,651,True,False,fallback,49.0,651.0,0.7098881603287353,True,True,True,False,True,False
robustness_original,robustness,original,4,1000,0.0929255240184855,0.3142171082366258,0.2212915842181403,2.381386454964937,True,126.08653475046158,126.08653475046158,0.4724194237041437,False,True,47,700,653,True,False,fallback,47.0,653.0,0.7071134444342569,True,True,True,False,True,False
robustness_original,robustness,original,5,1000,0.0925320469124665,0.3209859567880631,0.22845390987559658,2.4689166348142013,True,165.89774455308915,165.89774455308915,0.5044755393840036,False,True,53,700,647,True,False,fallback,53.0,647.0,0.7030202502004351,True,True,True,False,True,False
robustness_original,robustness,original,6,1000,0.0932437489308337,0.2828776005358696,0.18963385160503587,2.033743320913688,True,33.592188193798066,33.592188193798066,0.49855178442087295,False,True,51,700,649,True,False,fallback,51.0,649.0,0.7074924938498134,True,True,True,False,True,False
robustness_original,robustness,original,7,1000,0.0937478082845769,0.3220288787280921,0.2282810704435152,2.4350550121721755,True,434.1945568847656,434.1945568847656,0.5248405908882492,False,True,58,700,642,True,False,fallback,58.0,642.0,0.709914879324481,True,True,True,False,True,False
robustness_original,robustness,original,8,1000,0.0932192962571735,0.3044648277468513,0.21124553148967778,2.2661137765607386,True,26.457200717926025,26.457200717926025,0.48470404970136965,False,True,47,700,653,True,False,fallback,47.0,653.0,0.7135583890373524,True,True,True,False,True,False
robustness_original,robustness,original,9,1000,0.0928754487400605,0.3071447572251782,0.21426930848511772,2.3070608152302334,True,12.149343402385712,12.149343402385712,0.4899545877158827,False,True,47,700,653,True,False,fallback,47.0,653.0,0.7064771850154367,True,True,True,False,True,False
robustness_original,robustness,original,10,1000,0.0929154927913898,0.3043659356498392,0.2114504428584494,2.2757285841790624,True,357.2121771097183,357.2121771097183,0.4935928395470267,False,True,54,700,646,True,False,fallback,54.0,646.0,0.7052314676932339,True,True,True,False,True,False
robustness_original,robustness,original,11,1000,0.0930878477427343,0.3091946052199637,0.2161067574772294,2.321535653874831,True,19.777274849414827,26.717946836948396,0.5046646331677329,False,True,58,700,642,True,False,fallback,58.0,642.0,0.7061386624222196,True,True,True,False,True,False
robustness_original,robustness,original,12,1000,0.0937630581412216,0.3330382737934997,0.2392752156522781,2.551913518988393,True,177022.9209902668,177022.9209902668,0.5073469863435709,False,True,59,700,641,True,False,fallback,59.0,641.0,0.7100797057703827,True,True,True,False,True,False
robustness_original,robustness,original,13,1000,0.093166170986571,0.3263582716789097,0.2331921006923387,2.5029696747540595,True,9545.464770712852,9545.464770712852,0.5002537319265628,False,True,59,700,641,True,False,fallback,59.0,641.0,0.7060294920161335,True,True,True,False,True,False
robustness_original,robustness,original,14,1000,0.0935021460927096,0.283556621878717,0.1900544757860074,2.0326215357406223,True,25.892375702857972,25.892375702857972,0.5033318332625454,False,True,49,700,651,True,False,fallback,49.0,651.0,0.7119880405402508,True,True,True,False,True,False
